Description:,Price:,Link:,Rating:,Review Count:
"4K Video Camcorder UHD Digital Vlogging Camera with Microphone for Youtuber, 48MP 60FPS WiFi Recorder with IR High Resolution Night Vision Touch Screen Anti-Shake 16X Zoom Handheld Stabilizer",$151.99,,,https://www.amazon.com/gp/slredirect/picassoRedirect.html/ref=pa_sp_atf_aps_sr_pg1_1?ie=UTF8&adId=A04092083TJYKIXBYO8ZS&url=%2FCamcorder-Microphone-Resolution-Anti-Shake-Stabilizer%2Fdp%2FB09QCKZH5R%2Fref%3Dsr_1_1_sspa%3Fkeywords%3D4k%2Bcamera%26qid%3D1654318541%26sr%3D8-1-spons%26psc%3D1&qualifier=1654318541&id=597528943334406&widgetName=sp_atf
"Zoom Certified, NexiGo N970P 4K Webcam, Al-Powered Auto-Framing, Flash Memory, 10x Digital Zoom, Sony Sensor, Dual Noise-Cancelling Mics, for Video Conferencing/Gaming/Streaming",$199.99,,,https://www.amazon.com/gp/slredirect/picassoRedirect.html/ref=pa_sp_atf_aps_sr_pg1_1?ie=UTF8&adId=A06863041OG494XU9ZD1W&url=%2FNexiGo-Al-Powered-Auto-Framing-Noise-Cancelling-Conferencing%2Fdp%2FB09JW651HB%2Fref%3Dsr_1_2_sspa%3Fkeywords%3D4k%2Bcamera%26qid%3D1654318541%26sr%3D8-2-spons%26psc%3D1&qualifier=1654318541&id=597528943334406&widgetName=sp_atf
"Panasonic LUMIX FZ80 4K Digital Camera, 18.1 Megapixel Video Camera, 60X Zoom DC VARIO 20-1200mm Lens, F2.8-5.9 Aperture, Power O.I.S. Stabilization, Touch Enabled 3-Inch LCD, Wi-Fi, DC-FZ80K (Black)",$297.99,,,https://www.amazon.com/PANASONIC-Megapixel-20-1200mm-Stabilization-DC-FZ80K/dp/B01MS16V42/ref=sr_1_3?keywords=4k+camera&qid=1654318541&sr=8-3
"4k Video Camera Camcorder for YouTube Ultra HD 4K 48MP Vlogging Camera with Microphone & Remote Control WiFi Digital Camera 3.0"" IPS Touch Screen IR Night Vision 2 Batteries",$109.99,,,https://www.amazon.com/Camcorder-Vlogging-YouTube-Microphone-Control/dp/B08DRL25DK/ref=sr_1_4?keywords=4k+camera&qid=1654318541&smid=A39RS3QMP4LZAO&sr=8-4
"4K Digital Camera, 48MP Vlogging Camera with Webcam, Rechargeable YouTube Camera for Photography Auto Focus 3.0 Flip Screen Portable Blogging Camera for Teens",$119.99,,,https://www.amazon.com/Vlogging-Rechargeable-Photography-Portable-Blogging/dp/B09SLNRLZL/ref=sr_1_5?keywords=4k+camera&qid=1654318541&sr=8-5
"Panasonic LUMIX FZ300 Long Zoom Digital Camera Features 12.1 Megapixel, 1/2.3-Inch Sensor, 4K Video, WiFi, Splash & Dustproof Camera Body, LEICA DC 24X F2.8 Zoom Lens - DMC-FZ300K - (Black) USA",$447.99,,,https://www.amazon.com/PANASONIC-Features-Megapixel-2-3-inch-Dustproof/dp/B011PKJI2Y/ref=sr_1_6?keywords=4k+camera&qid=1654318541&sr=8-6
Yealink UVC30 Teams Certified Webcam 4k Web Camera 120 Degree View Desktop Webcam with Microphone 1080P HD Video Streaming Webcam with Windows Hello for Gaming and Recording (USB-A&C),$188.99,,,https://www.amazon.com/gp/slredirect/picassoRedirect.html/ref=pa_sp_mtf_aps_sr_pg1_1?ie=UTF8&adId=A07327073V0WS29RWHWV5&url=%2FYealink-Certified-Microphone-Streaming-Recording%2Fdp%2FB0922VZQBY%2Fref%3Dsr_1_7_sspa%3Fkeywords%3D4k%2Bcamera%26qid%3D1654318541%26sr%3D8-7-spons%26psc%3D1&qualifier=1654318541&id=597528943334406&widgetName=sp_mtf
"Logitech Brio 4K Webcam, Ultra 4K HD Video Calling, Noise-Canceling mic, HD Auto Light Correction, Wide Field of View, Works with Microsoft Teams, Zoom, Google Voice, PC/Mac/Laptop/Macbook/Tablet",$160.06,,,https://www.amazon.com/Logitech-Calling-Noise-Canceling-Correction-Microsoft/dp/B01N5UOYC4/ref=sr_1_8?keywords=4k+camera&qid=1654318541&sr=8-8
"Canon VIXIA HF G50 4K30P Camcorder, Black","$1,099.00",,,https://www.amazon.com/Canon-VIXIA-HF-G50-Camcorder/dp/B07MLBD875/ref=sr_1_9?keywords=4k+camera&qid=1654318541&sr=8-9
"4K Video Camera Camcorder UHD 48MP WiFi IR Night Vision Vlogging Camera for YouTube Touch Screen 16X Digital Zoom Camera Recorder with Microphone, Handheld Stabilizer, Lens Hood, Remote,2 Batteries",$149.99,,,https://www.amazon.com/Camcorder-Vlogging-Microphone-Stabilizer-Batteries/dp/B09F9GVCFC/ref=sr_1_10?keywords=4k+camera&qid=1654318541&sr=8-10
"VJIANGER 4K Digital Camera 48MP Pixel Autofocus Vlogging Camera 3.0"" IPS 30FPS Flip Screen 16X Digital Zoom Fixed Camera Lenses for Photography on YouTube with 32GB SD Card, 2 Batteries (Black)",$119.99,,,https://www.amazon.com/VJIANGER-Autofocus-Vlogging-Photography-Batteries/dp/B09774BTKG/ref=sr_1_11?keywords=4k+camera&qid=1654318541&sr=8-11
"Camcorders Video Camera 4K, Video Camera 48MP, 4K Camcorder Auto Focus, Video Camera Camcorder with Fill Light, WiFi, Camera for YouTube, with External Mic, 3.0''Touch Screen, 32G SD Card",$149.99,,,https://www.amazon.com/gp/slredirect/picassoRedirect.html/ref=pa_sp_mtf_aps_sr_pg1_1?ie=UTF8&adId=A0833131VI9JUOJVLTP8&url=%2FCamcorders-Camcorder-YouTube-External-3-0Touch%2Fdp%2FB09S3N62J4%2Fref%3Dsr_1_12_sspa%3Fkeywords%3D4k%2Bcamera%26qid%3D1654318541%26sr%3D8-12-spons%26psc%3D1&qualifier=1654318541&id=597528943334406&widgetName=sp_mtf
GoPro HERO8 Black - Waterproof Action Camera with Touch Screen 4K Ultra HD Video 12MP Photos 1080p Live Streaming Stabilization,$299.99,,,https://www.amazon.com/GoPro-HERO8-Black-Waterproof-Stabilization/dp/B09KJ4QMYL/ref=sr_1_13?keywords=4k+camera&qid=1654318541&sr=8-13
"Panasonic LUMIX G85 4K Digital Camera, 12-60mm Power O.I.S. Lens, 16 Megapixel Mirrorless Camera, 5 Axis In-Body Dual Image Stabilization, 3-Inch Tilt and Touch LCD, DMC-G85MK (Black)",$697.99,,,https://www.amazon.com/PANASONIC-Megapixel-Mirrorless-Stabilization-DMC-G85MK/dp/B01M050N05/ref=sr_1_14?keywords=4k+camera&qid=1654318541&sr=8-14
"4K Digital Vlogging Camera for YouTube Autofocus Camcorder for Photography 48MP Video Camera with WiFi Connection 3.0"" IPS Flip Screen, Wide Angle Lens,16X Digital Zoom (32GB SD Card, 2 Batteries)",$129.95,,,https://www.amazon.com/Vlogging-Camcorder-Connection-Batteries-Included/dp/B093R3F971/ref=sr_1_15?keywords=4k+camera&qid=1654318541&sr=8-15
AKASO EK7000 4K30FPS Action Camera Ultra HD Underwater Camera 170 Degree Wide Angle 98FT Waterproof Camera,$69.99,,,https://www.amazon.com/AKASO-EK7000-Sports-Waterproof-Camcorder/dp/B01HGM33HG/ref=sr_1_16?keywords=4k+camera&qid=1654318541&sr=8-16
Yealink Webcam UVC34 4K Video and Audio Conferencing System Camera Video Bar with Microsoft Teams Certified for Office Business HD Meeting Gaming Recording 120° Super Wide Angle Lens Speaker with Mic,$498.00,,,https://www.amazon.com/gp/slredirect/picassoRedirect.html/ref=pa_sp_mtf_aps_sr_pg1_1?ie=UTF8&adId=A0053002S1J1HSIQ8OYI&url=%2FYealink-Conferencing-Microsoft-Certified-Recording%2Fdp%2FB09V57MDZN%2Fref%3Dsr_1_17_sspa%3Fkeywords%3D4k%2Bcamera%26qid%3D1654318541%26sr%3D8-17-spons%26psc%3D1%26smid%3DA1H9MUIHI97NSU&qualifier=1654318541&id=597528943334406&widgetName=sp_mtf
4K Video Camera Camcorder LUAZHECT 60FPS 48MP WiFi YouTube Vlogging Digital Camera 16X Zoom IR Night Vision Camcorders with Microphone Handheld Stabilizer Lens Hood 2 Batteries & Battery Charger,$129.18,,,https://www.amazon.com/Camcorder-LUAZHECT-Camcorders-Microphone-Stabilizer/dp/B09H5RJR9Y/ref=sr_1_18?keywords=4k+camera&qid=1654318541&sr=8-18
"Ruko F11GIM Drones with Camera for Adults, 2-Axis Gimbal 4K EIS Camera, 2 Batteries 56Mins Flight Time,Brushless Motor, 5GHz FPV Transmission, GPS Auto Return Home, 5times Zoom No Fisheye",$399.99,,,https://www.amazon.com/Ruko-F11Gim-Brushless-Transmission-Fisheye/dp/B08FJ79PW2/ref=sr_1_19?keywords=4k+camera&qid=1654318541&sr=8-19
Dragon Touch 4K Action Camera 16MP Vision 3 Ultra HD Underwater 100FT Waterproof Action Camera 170° Wide Angle 4X Zoom Sports Camcorder with Remote Control 2 Batteries Helmet Accessories,$66.99,,,https://www.amazon.com/Dragon-Touch-Underwater-Waterproof-Accessories/dp/B07B2W96JH/ref=sr_1_20?keywords=4k+camera&qid=1654318541&sr=8-20
"Video Camera 4K HD Auto Focus Camcorder 48MP 60FPS 30X Digital Zoom Camera for YouTube LED Function 4500mAh Battery with Handheld Stabilizer, Remote Control,Microphone and 64G SD Card",$259.99,,,https://www.amazon.com/Camcorder-Function-Handheld-Stabilizer-Microphone/dp/B0995WFSJX/ref=sr_1_21?keywords=4k+camera&qid=1654318541&sr=8-21
"Wide Angle Webcam with Microphone and Speaker, TONGVEO Conference Room USB 1080P Web Camera for Computer Video Call Streaming Meeting, Works for Desktop Microsoft Teams, Zoom, PC",$119.99,,,https://www.amazon.com/gp/slredirect/picassoRedirect.html/ref=pa_sp_btf_aps_sr_pg1_1?ie=UTF8&adId=A00168154NO1WJ1P0UNT&url=%2FWebcam-Conference-Solution-Microphone-Desktop%2Fdp%2FB08HWFGTM2%2Fref%3Dsr_1_22_sspa%3Fkeywords%3D4k%2Bcamera%26qid%3D1654318541%26sr%3D8-22-spons%26psc%3D1&qualifier=1654318541&id=597528943334406&widgetName=sp_btf
